country,year,democracy,monarchy
Canada,2000,democracy,monarchy
Canada,2001,democracy,monarchy
Canada,2002,democracy,monarchy
Canada,2003,democracy,monarchy
Canada,2004,democracy,monarchy
Canada,2005,democracy,monarchy
Canada,2006,democracy,monarchy
Canada,2007,democracy,monarchy
Canada,2008,democracy,monarchy
Canada,2009,democracy,monarchy
Canada,2010,democracy,monarchy
Canada,2011,democracy,monarchy
Canada,2012,democracy,monarchy
Cuba,2000,autocracy,N/A
Cuba,2001,autocracy,N/A
Cuba,2002,autocracy,N/A
Cuba,2003,autocracy,N/A
Cuba,2004,autocracy,N/A
Cuba,2005,autocracy,N/A
Cuba,2006,autocracy,N/A
Cuba,2007,autocracy,N/A
Cuba,2008,autocracy,N/A
Cuba,2009,autocracy,N/A
Cuba,2010,autocracy,N/A
Cuba,2011,autocracy,N/A
Cuba,2012,autocracy,N/A
Haiti,2000,autocracy,N/A
Haiti,2001,autocracy,N/A
Haiti,2002,autocracy,N/A
Haiti,2003,autocracy,N/A
Haiti,2004,autocracy,N/A
Haiti,2005,autocracy,N/A
Haiti,2006,autocracy,N/A
Haiti,2007,autocracy,N/A
Haiti,2008,autocracy,N/A
Haiti,2009,autocracy,N/A
Haiti,2010,autocracy,N/A
Haiti,2011,autocracy,N/A
Haiti,2012,autocracy,N/A
Jamaica,2000,democracy,monarchy
Jamaica,2001,democracy,monarchy
Jamaica,2002,democracy,monarchy
Jamaica,2003,democracy,monarchy
Jamaica,2004,democracy,monarchy
Jamaica,2005,democracy,monarchy
Jamaica,2006,democracy,monarchy
Jamaica,2007,democracy,monarchy
Jamaica,2008,democracy,monarchy
Jamaica,2009,democracy,monarchy
Jamaica,2010,democracy,monarchy
Jamaica,2011,democracy,monarchy
Jamaica,2012,democracy,monarchy
Barbados,2000,democracy,monarchy
Barbados,2001,democracy,monarchy
Barbados,2002,democracy,monarchy
Barbados,2003,democracy,monarchy
Barbados,2004,democracy,monarchy
Barbados,2005,democracy,monarchy
Barbados,2006,democracy,monarchy
Barbados,2007,democracy,monarchy
Barbados,2008,democracy,monarchy
Barbados,2009,democracy,monarchy
Barbados,2010,democracy,monarchy
Barbados,2011,democracy,monarchy
Barbados,2012,democracy,monarchy
Dominica,2000,democracy,republic
Dominica,2001,democracy,republic
Dominica,2002,democracy,republic
Dominica,2003,democracy,republic
Dominica,2004,democracy,republic
Dominica,2005,democracy,republic
Dominica,2006,democracy,republic
Dominica,2007,democracy,republic
Dominica,2008,democracy,republic
Dominica,2009,democracy,republic
Dominica,2010,democracy,republic
Dominica,2011,democracy,republic
Dominica,2012,democracy,republic
Grenada,2000,democracy,monarchy
Grenada,2001,democracy,monarchy
Grenada,2002,democracy,monarchy
Grenada,2003,democracy,monarchy
Grenada,2004,democracy,monarchy
Grenada,2005,democracy,monarchy
Grenada,2006,democracy,monarchy
Grenada,2007,democracy,monarchy
Grenada,2008,democracy,monarchy
Grenada,2009,democracy,monarchy
Grenada,2010,democracy,monarchy
Grenada,2011,democracy,monarchy
Grenada,2012,democracy,monarchy
Mexico,2000,democracy,republic
Mexico,2001,democracy,republic
Mexico,2002,democracy,republic
Mexico,2003,democracy,republic
Mexico,2004,democracy,republic
Mexico,2005,democracy,republic
Mexico,2006,democracy,republic
Mexico,2007,democracy,republic
Mexico,2008,democracy,republic
Mexico,2009,democracy,republic
Mexico,2010,democracy,republic
Mexico,2011,democracy,republic
Mexico,2012,democracy,republic
Belize,2000,democracy,monarchy
Belize,2001,democracy,monarchy
Belize,2002,democracy,monarchy
Belize,2003,democracy,monarchy
Belize,2004,democracy,monarchy
Belize,2005,democracy,monarchy
Belize,2006,democracy,monarchy
Belize,2007,democracy,monarchy
Belize,2008,democracy,monarchy
Belize,2009,democracy,monarchy
Belize,2010,democracy,monarchy
Belize,2011,democracy,monarchy
Belize,2012,democracy,monarchy
Guatemala,2000,democracy,republic
Guatemala,2001,democracy,republic
Guatemala,2002,democracy,republic
Guatemala,2003,democracy,republic
Guatemala,2004,democracy,republic
Guatemala,2005,democracy,republic
Guatemala,2006,democracy,republic
Guatemala,2007,democracy,republic
Guatemala,2008,democracy,republic
Guatemala,2009,democracy,republic
Guatemala,2010,democracy,republic
Guatemala,2011,democracy,republic
Guatemala,2012,democracy,republic
Honduras,2000,democracy,republic
Honduras,2001,democracy,republic
Honduras,2002,democracy,republic
Honduras,2003,democracy,republic
Honduras,2004,democracy,republic
Honduras,2005,democracy,republic
Honduras,2006,democracy,republic
Honduras,2007,democracy,republic
Honduras,2008,democracy,republic
Honduras,2009,autocracy,N/A
Honduras,2010,democracy,republic
Honduras,2011,democracy,republic
Honduras,2012,democracy,republic
Nicaragua,2000,democracy,republic
Nicaragua,2001,democracy,republic
Nicaragua,2002,democracy,republic
Nicaragua,2003,democracy,republic
Nicaragua,2004,democracy,republic
Nicaragua,2005,democracy,republic
Nicaragua,2006,democracy,republic
Nicaragua,2007,democracy,republic
Nicaragua,2008,democracy,republic
Nicaragua,2009,democracy,republic
Nicaragua,2010,democracy,republic
Nicaragua,2011,democracy,republic
Nicaragua,2012,democracy,republic
Panama,2000,democracy,republic
Panama,2001,democracy,republic
Panama,2002,democracy,republic
Panama,2003,democracy,republic
Panama,2004,democracy,republic
Panama,2005,democracy,republic
Panama,2006,democracy,republic
Panama,2007,democracy,republic
Panama,2008,democracy,republic
Panama,2009,democracy,republic
Panama,2010,democracy,republic
Panama,2011,democracy,republic
Panama,2012,democracy,republic
Colombia,2000,democracy,republic
Colombia,2001,democracy,republic
Colombia,2002,democracy,republic
Colombia,2003,democracy,republic
Colombia,2004,democracy,republic
Colombia,2005,democracy,republic
Colombia,2006,democracy,republic
Colombia,2007,democracy,republic
Colombia,2008,democracy,republic
Colombia,2009,democracy,republic
Colombia,2010,democracy,republic
Colombia,2011,democracy,republic
Colombia,2012,democracy,republic
Guyana,2000,democracy,republic
Guyana,2001,democracy,republic
Guyana,2002,democracy,republic
Guyana,2003,democracy,republic
Guyana,2004,democracy,republic
Guyana,2005,democracy,republic
Guyana,2006,democracy,republic
Guyana,2007,democracy,republic
Guyana,2008,democracy,republic
Guyana,2009,democracy,republic
Guyana,2010,democracy,republic
Guyana,2011,democracy,republic
Guyana,2012,democracy,republic
Suriname,2000,democracy,republic
Suriname,2001,democracy,republic
Suriname,2002,democracy,republic
Suriname,2003,democracy,republic
Suriname,2004,democracy,republic
Suriname,2005,democracy,republic
Suriname,2006,democracy,republic
Suriname,2007,democracy,republic
Suriname,2008,democracy,republic
Suriname,2009,democracy,republic
Suriname,2010,democracy,republic
Suriname,2011,democracy,republic
Suriname,2012,democracy,republic
Ecuador,2000,autocracy,N/A
Ecuador,2001,autocracy,N/A
Ecuador,2002,autocracy,N/A
Ecuador,2003,democracy,republic
Ecuador,2004,democracy,republic
Ecuador,2005,democracy,republic
Ecuador,2006,democracy,republic
Ecuador,2007,democracy,republic
Ecuador,2008,democracy,republic
Ecuador,2009,democracy,republic
Ecuador,2010,democracy,republic
Ecuador,2011,democracy,republic
Ecuador,2012,democracy,republic
Peru,2000,autocracy,N/A
Peru,2001,democracy,republic
Peru,2002,democracy,republic
Peru,2003,democracy,republic
Peru,2004,democracy,republic
Peru,2005,democracy,republic
Peru,2006,democracy,republic
Peru,2007,democracy,republic
Peru,2008,democracy,republic
Peru,2009,democracy,republic
Peru,2010,democracy,republic
Peru,2011,democracy,republic
Peru,2012,democracy,republic
Brazil,2000,democracy,republic
Brazil,2001,democracy,republic
Brazil,2002,democracy,republic
Brazil,2003,democracy,republic
Brazil,2004,democracy,republic
Brazil,2005,democracy,republic
Brazil,2006,democracy,republic
Brazil,2007,democracy,republic
Brazil,2008,democracy,republic
Brazil,2009,democracy,republic
Brazil,2010,democracy,republic
Brazil,2011,democracy,republic
Brazil,2012,democracy,republic
Paraguay,2000,autocracy,N/A
Paraguay,2001,autocracy,N/A
Paraguay,2002,autocracy,N/A
Paraguay,2003,democracy,republic
Paraguay,2004,democracy,republic
Paraguay,2005,democracy,republic
Paraguay,2006,democracy,republic
Paraguay,2007,democracy,republic
Paraguay,2008,democracy,republic
Paraguay,2009,democracy,republic
Paraguay,2010,democracy,republic
Paraguay,2011,democracy,republic
Paraguay,2012,democracy,republic
Chile,2000,democracy,republic
Chile,2001,democracy,republic
Chile,2002,democracy,republic
Chile,2003,democracy,republic
Chile,2004,democracy,republic
Chile,2005,democracy,republic
Chile,2006,democracy,republic
Chile,2007,democracy,republic
Chile,2008,democracy,republic
Chile,2009,democracy,republic
Chile,2010,democracy,republic
Chile,2011,democracy,republic
Chile,2012,democracy,republic
Argentina,2000,democracy,republic
Argentina,2001,democracy,republic
Argentina,2002,democracy,republic
Argentina,2003,democracy,republic
Argentina,2004,democracy,republic
Argentina,2005,democracy,republic
Argentina,2006,democracy,republic
Argentina,2007,democracy,republic
Argentina,2008,democracy,republic
Argentina,2009,democracy,republic
Argentina,2010,democracy,republic
Argentina,2011,democracy,republic
Argentina,2012,democracy,republic
Uruguay,2000,democracy,republic
Uruguay,2001,democracy,republic
Uruguay,2002,democracy,republic
Uruguay,2003,democracy,republic
Uruguay,2004,democracy,republic
Uruguay,2005,democracy,republic
Uruguay,2006,democracy,republic
Uruguay,2007,democracy,republic
Uruguay,2008,democracy,republic
Uruguay,2009,democracy,republic
Uruguay,2010,democracy,republic
Uruguay,2011,democracy,republic
Uruguay,2012,democracy,republic
Ireland,2000,democracy,republic
Ireland,2001,democracy,republic
Ireland,2002,democracy,republic
Ireland,2003,democracy,republic
Ireland,2004,democracy,republic
Ireland,2005,democracy,republic
Ireland,2006,democracy,republic
Ireland,2007,democracy,republic
Ireland,2008,democracy,republic
Ireland,2009,democracy,republic
Ireland,2010,democracy,republic
Ireland,2011,democracy,republic
Ireland,2012,democracy,republic
Belgium,2000,democracy,monarchy
Belgium,2001,democracy,monarchy
Belgium,2002,democracy,monarchy
Belgium,2003,democracy,monarchy
Belgium,2004,democracy,monarchy
Belgium,2005,democracy,monarchy
Belgium,2006,democracy,monarchy
Belgium,2007,democracy,monarchy
Belgium,2008,democracy,monarchy
Belgium,2009,democracy,monarchy
Belgium,2010,democracy,monarchy
Belgium,2011,democracy,monarchy
Belgium,2012,democracy,monarchy
Luxembourg,2000,democracy,monarchy
Luxembourg,2001,democracy,monarchy
Luxembourg,2002,democracy,monarchy
Luxembourg,2003,democracy,monarchy
Luxembourg,2004,democracy,monarchy
Luxembourg,2005,democracy,monarchy
Luxembourg,2006,democracy,monarchy
Luxembourg,2007,democracy,monarchy
Luxembourg,2008,democracy,monarchy
Luxembourg,2009,democracy,monarchy
Luxembourg,2010,democracy,monarchy
Luxembourg,2011,democracy,monarchy
Luxembourg,2012,democracy,monarchy
France,2000,democracy,republic
France,2001,democracy,republic
France,2002,democracy,republic
France,2003,democracy,republic
France,2004,democracy,republic
France,2005,democracy,republic
France,2006,democracy,republic
France,2007,democracy,republic
France,2008,democracy,republic
France,2009,democracy,republic
France,2010,democracy,republic
France,2011,democracy,republic
France,2012,democracy,republic
Switzerland,2000,democracy,republic
Switzerland,2001,democracy,republic
Switzerland,2002,democracy,republic
Switzerland,2003,democracy,republic
Switzerland,2004,democracy,republic
Switzerland,2005,democracy,republic
Switzerland,2006,democracy,republic
Switzerland,2007,democracy,republic
Switzerland,2008,democracy,republic
Switzerland,2009,democracy,republic
Switzerland,2010,democracy,republic
Switzerland,2011,democracy,republic
Switzerland,2012,democracy,republic
Spain,2000,democracy,monarchy
Spain,2001,democracy,monarchy
Spain,2002,democracy,monarchy
Spain,2003,democracy,monarchy
Spain,2004,democracy,monarchy
Spain,2005,democracy,monarchy
Spain,2006,democracy,monarchy
Spain,2007,democracy,monarchy
Spain,2008,democracy,monarchy
Spain,2009,democracy,monarchy
Spain,2010,democracy,monarchy
Spain,2011,democracy,monarchy
Spain,2012,democracy,monarchy
Andorra,2000,democracy,N/A
Andorra,2001,democracy,N/A
Andorra,2002,democracy,N/A
Andorra,2003,democracy,N/A
Andorra,2004,democracy,N/A
Andorra,2005,democracy,N/A
Andorra,2006,democracy,N/A
Andorra,2007,democracy,N/A
Andorra,2008,democracy,N/A
Andorra,2009,democracy,N/A
Andorra,2010,democracy,N/A
Andorra,2011,democracy,N/A
Andorra,2012,democracy,N/A
Portugal,2000,democracy,republic
Portugal,2001,democracy,republic
Portugal,2002,democracy,republic
Portugal,2003,democracy,republic
Portugal,2004,democracy,republic
Portugal,2005,democracy,republic
Portugal,2006,democracy,republic
Portugal,2007,democracy,republic
Portugal,2008,democracy,republic
Portugal,2009,democracy,republic
Portugal,2010,democracy,republic
Portugal,2011,democracy,republic
Portugal,2012,democracy,republic
Germany,2000,democracy,republic
Germany,2001,democracy,republic
Germany,2002,democracy,republic
Germany,2003,democracy,republic
Germany,2004,democracy,republic
Germany,2005,democracy,republic
Germany,2006,democracy,republic
Germany,2007,democracy,republic
Germany,2008,democracy,republic
Germany,2009,democracy,republic
Germany,2010,democracy,republic
Germany,2011,democracy,republic
Germany,2012,democracy,republic
Poland,2000,democracy,republic
Poland,2001,democracy,republic
Poland,2002,democracy,republic
Poland,2003,democracy,republic
Poland,2004,democracy,republic
Poland,2005,democracy,republic
Poland,2006,democracy,republic
Poland,2007,democracy,republic
Poland,2008,democracy,republic
Poland,2009,democracy,republic
Poland,2010,democracy,republic
Poland,2011,democracy,republic
Poland,2012,democracy,republic
Austria,2000,democracy,republic
Austria,2001,democracy,republic
Austria,2002,democracy,republic
Austria,2003,democracy,republic
Austria,2004,democracy,republic
Austria,2005,democracy,republic
Austria,2006,democracy,republic
Austria,2007,democracy,republic
Austria,2008,democracy,republic
Austria,2009,democracy,republic
Austria,2010,democracy,republic
Austria,2011,democracy,republic
Austria,2012,democracy,republic
Hungary,2000,democracy,republic
Hungary,2001,democracy,republic
Hungary,2002,democracy,republic
Hungary,2003,democracy,republic
Hungary,2004,democracy,republic
Hungary,2005,democracy,republic
Hungary,2006,democracy,republic
Hungary,2007,democracy,republic
Hungary,2008,democracy,republic
Hungary,2009,democracy,republic
Hungary,2010,democracy,republic
Hungary,2011,democracy,republic
Hungary,2012,democracy,republic
Italy,2000,democracy,republic
Italy,2001,democracy,republic
Italy,2002,democracy,republic
Italy,2003,democracy,republic
Italy,2004,democracy,republic
Italy,2005,democracy,republic
Italy,2006,democracy,republic
Italy,2007,democracy,republic
Italy,2008,democracy,republic
Italy,2009,democracy,republic
Italy,2010,democracy,republic
Italy,2011,democracy,republic
Italy,2012,democracy,republic
Malta,2000,democracy,republic
Malta,2001,democracy,republic
Malta,2002,democracy,republic
Malta,2003,democracy,republic
Malta,2004,democracy,republic
Malta,2005,democracy,republic
Malta,2006,democracy,republic
Malta,2007,democracy,republic
Malta,2008,democracy,republic
Malta,2009,democracy,republic
Malta,2010,democracy,republic
Malta,2011,democracy,republic
Malta,2012,democracy,republic
Albania,2000,democracy,republic
Albania,2001,democracy,republic
Albania,2002,democracy,republic
Albania,2003,democracy,republic
Albania,2004,democracy,republic
Albania,2005,democracy,republic
Albania,2006,democracy,republic
Albania,2007,democracy,republic
Albania,2008,democracy,republic
Albania,2009,democracy,republic
Albania,2010,democracy,republic
Albania,2011,democracy,republic
Albania,2012,democracy,republic
Serbia,2006,democracy,republic
Serbia,2007,democracy,republic
Serbia,2008,democracy,republic
Serbia,2009,democracy,republic
Serbia,2010,democracy,republic
Serbia,2011,democracy,republic
Serbia,2012,democracy,republic
Croatia,2000,democracy,republic
Croatia,2001,democracy,republic
Croatia,2002,democracy,republic
Croatia,2003,democracy,republic
Croatia,2004,democracy,republic
Croatia,2005,democracy,republic
Croatia,2006,democracy,republic
Croatia,2007,democracy,republic
Croatia,2008,democracy,republic
Croatia,2009,democracy,republic
Croatia,2010,democracy,republic
Croatia,2011,democracy,republic
Croatia,2012,democracy,republic
Montenegro,2006,democracy,republic
Montenegro,2007,democracy,republic
Montenegro,2008,democracy,republic
Montenegro,2009,democracy,republic
Montenegro,2010,democracy,republic
Montenegro,2011,democracy,republic
Montenegro,2012,democracy,republic
Slovenia,2000,democracy,republic
Slovenia,2001,democracy,republic
Slovenia,2002,democracy,republic
Slovenia,2003,democracy,republic
Slovenia,2004,democracy,republic
Slovenia,2005,democracy,republic
Slovenia,2006,democracy,republic
Slovenia,2007,democracy,republic
Slovenia,2008,democracy,republic
Slovenia,2009,democracy,republic
Slovenia,2010,democracy,republic
Slovenia,2011,democracy,republic
Slovenia,2012,democracy,republic
Greece,2000,democracy,republic
Greece,2001,democracy,republic
Greece,2002,democracy,republic
Greece,2003,democracy,republic
Greece,2004,democracy,republic
Greece,2005,democracy,republic
Greece,2006,democracy,republic
Greece,2007,democracy,republic
Greece,2008,democracy,republic
Greece,2009,democracy,republic
Greece,2010,democracy,republic
Greece,2011,democracy,republic
Greece,2012,democracy,republic
Cyprus,2000,democracy,republic
Cyprus,2001,democracy,republic
Cyprus,2002,democracy,republic
Cyprus,2003,democracy,republic
Cyprus,2004,democracy,republic
Cyprus,2005,democracy,republic
Cyprus,2006,democracy,republic
Cyprus,2007,democracy,republic
Cyprus,2008,democracy,republic
Cyprus,2009,democracy,republic
Cyprus,2010,democracy,republic
Cyprus,2011,democracy,republic
Cyprus,2012,democracy,republic
Bulgaria,2000,democracy,republic
Bulgaria,2001,democracy,republic
Bulgaria,2002,democracy,republic
Bulgaria,2003,democracy,republic
Bulgaria,2004,democracy,republic
Bulgaria,2005,democracy,republic
Bulgaria,2006,democracy,republic
Bulgaria,2007,democracy,republic
Bulgaria,2008,democracy,republic
Bulgaria,2009,democracy,republic
Bulgaria,2010,democracy,republic
Bulgaria,2011,democracy,republic
Bulgaria,2012,democracy,republic
Romania,2000,democracy,republic
Romania,2001,democracy,republic
Romania,2002,democracy,republic
Romania,2003,democracy,republic
Romania,2004,democracy,republic
Romania,2005,democracy,republic
Romania,2006,democracy,republic
Romania,2007,democracy,republic
Romania,2008,democracy,republic
Romania,2009,democracy,republic
Romania,2010,democracy,republic
Romania,2011,democracy,republic
Romania,2012,democracy,republic
Estonia,2000,democracy,republic
Estonia,2001,democracy,republic
Estonia,2002,democracy,republic
Estonia,2003,democracy,republic
Estonia,2004,democracy,republic
Estonia,2005,democracy,republic
Estonia,2006,democracy,republic
Estonia,2007,democracy,republic
Estonia,2008,democracy,republic
Estonia,2009,democracy,republic
Estonia,2010,democracy,republic
Estonia,2011,democracy,republic
Estonia,2012,democracy,republic
Latvia,2000,democracy,republic
Latvia,2001,democracy,republic
Latvia,2002,democracy,republic
Latvia,2003,democracy,republic
Latvia,2004,democracy,republic
Latvia,2005,democracy,republic
Latvia,2006,democracy,republic
Latvia,2007,democracy,republic
Latvia,2008,democracy,republic
Latvia,2009,democracy,republic
Latvia,2010,democracy,republic
Latvia,2011,democracy,republic
Latvia,2012,democracy,republic
Lithuania,2000,democracy,republic
Lithuania,2001,democracy,republic
Lithuania,2002,democracy,republic
Lithuania,2003,democracy,republic
Lithuania,2004,democracy,republic
Lithuania,2005,democracy,republic
Lithuania,2006,democracy,republic
Lithuania,2007,democracy,republic
Lithuania,2008,democracy,republic
Lithuania,2009,democracy,republic
Lithuania,2010,democracy,republic
Lithuania,2011,democracy,republic
Lithuania,2012,democracy,republic
Ukraine,2000,democracy,republic
Ukraine,2001,democracy,republic
Ukraine,2002,democracy,republic
Ukraine,2003,democracy,republic
Ukraine,2004,democracy,republic
Ukraine,2005,democracy,republic
Ukraine,2006,democracy,republic
Ukraine,2007,democracy,republic
Ukraine,2008,democracy,republic
Ukraine,2009,democracy,republic
Ukraine,2010,democracy,republic
Ukraine,2011,democracy,republic
Ukraine,2012,democracy,republic
Belarus,2000,autocracy,N/A
Belarus,2001,autocracy,N/A
Belarus,2002,autocracy,N/A
Belarus,2003,autocracy,N/A
Belarus,2004,autocracy,N/A
Belarus,2005,autocracy,N/A
Belarus,2006,autocracy,N/A
Belarus,2007,autocracy,N/A
Belarus,2008,autocracy,N/A
Belarus,2009,autocracy,N/A
Belarus,2010,autocracy,N/A
Belarus,2011,autocracy,N/A
Belarus,2012,autocracy,N/A
Armenia,2000,autocracy,N/A
Armenia,2001,autocracy,N/A
Armenia,2002,autocracy,N/A
Armenia,2003,autocracy,N/A
Armenia,2004,autocracy,N/A
Armenia,2005,autocracy,N/A
Armenia,2006,autocracy,N/A
Armenia,2007,autocracy,N/A
Armenia,2008,autocracy,N/A
Armenia,2009,autocracy,N/A
Armenia,2010,autocracy,N/A
Armenia,2011,autocracy,N/A
Armenia,2012,autocracy,N/A
Georgia,2000,autocracy,N/A
Georgia,2001,autocracy,N/A
Georgia,2002,autocracy,N/A
Georgia,2003,autocracy,N/A
Georgia,2004,democracy,republic
Georgia,2005,democracy,republic
Georgia,2006,democracy,republic
Georgia,2007,democracy,republic
Georgia,2008,democracy,republic
Georgia,2009,democracy,republic
Georgia,2010,democracy,republic
Georgia,2011,democracy,republic
Georgia,2012,democracy,republic
Azerbaijan,2000,autocracy,N/A
Azerbaijan,2001,autocracy,N/A
Azerbaijan,2002,autocracy,N/A
Azerbaijan,2003,autocracy,N/A
Azerbaijan,2004,autocracy,N/A
Azerbaijan,2005,autocracy,N/A
Azerbaijan,2006,autocracy,N/A
Azerbaijan,2007,autocracy,N/A
Azerbaijan,2008,autocracy,N/A
Azerbaijan,2009,autocracy,N/A
Azerbaijan,2010,autocracy,N/A
Azerbaijan,2011,autocracy,N/A
Azerbaijan,2012,autocracy,N/A
Finland,2000,democracy,republic
Finland,2001,democracy,republic
Finland,2002,democracy,republic
Finland,2003,democracy,republic
Finland,2004,democracy,republic
Finland,2005,democracy,republic
Finland,2006,democracy,republic
Finland,2007,democracy,republic
Finland,2008,democracy,republic
Finland,2009,democracy,republic
Finland,2010,democracy,republic
Finland,2011,democracy,republic
Finland,2012,democracy,republic
Sweden,2000,democracy,monarchy
Sweden,2001,democracy,monarchy
Sweden,2002,democracy,monarchy
Sweden,2003,democracy,monarchy
Sweden,2004,democracy,monarchy
Sweden,2005,democracy,monarchy
Sweden,2006,democracy,monarchy
Sweden,2007,democracy,monarchy
Sweden,2008,democracy,monarchy
Sweden,2009,democracy,monarchy
Sweden,2010,democracy,monarchy
Sweden,2011,democracy,monarchy
Sweden,2012,democracy,monarchy
Norway,2000,democracy,monarchy
Norway,2001,democracy,monarchy
Norway,2002,democracy,monarchy
Norway,2003,democracy,monarchy
Norway,2004,democracy,monarchy
Norway,2005,democracy,monarchy
Norway,2006,democracy,monarchy
Norway,2007,democracy,monarchy
Norway,2008,democracy,monarchy
Norway,2009,democracy,monarchy
Norway,2010,democracy,monarchy
Norway,2011,democracy,monarchy
Norway,2012,democracy,monarchy
Denmark,2000,democracy,monarchy
Denmark,2001,democracy,monarchy
Denmark,2002,democracy,monarchy
Denmark,2003,democracy,monarchy
Denmark,2004,democracy,monarchy
Denmark,2005,democracy,monarchy
Denmark,2006,democracy,monarchy
Denmark,2007,democracy,monarchy
Denmark,2008,democracy,monarchy
Denmark,2009,democracy,monarchy
Denmark,2010,democracy,monarchy
Denmark,2011,democracy,monarchy
Denmark,2012,democracy,monarchy
Iceland,2000,democracy,republic
Iceland,2001,democracy,republic
Iceland,2002,democracy,republic
Iceland,2003,democracy,republic
Iceland,2004,democracy,republic
Iceland,2005,democracy,republic
Iceland,2006,democracy,republic
Iceland,2007,democracy,republic
Iceland,2008,democracy,republic
Iceland,2009,democracy,republic
Iceland,2010,democracy,republic
Iceland,2011,democracy,republic
Iceland,2012,democracy,republic
Mali,2000,democracy,republic
Mali,2001,democracy,republic
Mali,2002,democracy,republic
Mali,2003,democracy,republic
Mali,2004,democracy,republic
Mali,2005,democracy,republic
Mali,2006,democracy,republic
Mali,2007,democracy,republic
Mali,2008,democracy,republic
Mali,2009,democracy,republic
Mali,2010,democracy,republic
Mali,2011,democracy,republic
Mali,2012,autocracy,N/A
Senegal,2000,democracy,republic
Senegal,2001,democracy,republic
Senegal,2002,democracy,republic
Senegal,2003,democracy,republic
Senegal,2004,democracy,republic
Senegal,2005,democracy,republic
Senegal,2006,democracy,republic
Senegal,2007,democracy,republic
Senegal,2008,democracy,republic
Senegal,2009,democracy,republic
Senegal,2010,democracy,republic
Senegal,2011,democracy,republic
Senegal,2012,democracy,republic
Benin,2000,democracy,republic
Benin,2001,democracy,republic
Benin,2002,democracy,republic
Benin,2003,democracy,republic
Benin,2004,democracy,republic
Benin,2005,democracy,republic
Benin,2006,democracy,republic
Benin,2007,democracy,republic
Benin,2008,democracy,republic
Benin,2009,democracy,republic
Benin,2010,democracy,republic
Benin,2011,democracy,republic
Benin,2012,democracy,republic
Mauritania,2000,autocracy,N/A
Mauritania,2001,autocracy,N/A
Mauritania,2002,autocracy,N/A
Mauritania,2003,autocracy,N/A
Mauritania,2004,autocracy,N/A
Mauritania,2005,autocracy,N/A
Mauritania,2006,autocracy,N/A
Mauritania,2007,autocracy,N/A
Mauritania,2008,autocracy,N/A
Mauritania,2009,autocracy,N/A
Mauritania,2010,autocracy,N/A
Mauritania,2011,autocracy,N/A
Mauritania,2012,autocracy,N/A
Niger,2000,democracy,republic
Niger,2001,democracy,republic
Niger,2002,democracy,republic
Niger,2003,democracy,republic
Niger,2004,democracy,republic
Niger,2005,democracy,republic
Niger,2006,democracy,republic
Niger,2007,democracy,republic
Niger,2008,democracy,republic
Niger,2009,autocracy,N/A
Niger,2010,autocracy,N/A
Niger,2011,democracy,republic
Niger,2012,democracy,republic
Guinea,2000,autocracy,N/A
Guinea,2001,autocracy,N/A
Guinea,2002,autocracy,N/A
Guinea,2003,autocracy,N/A
Guinea,2004,autocracy,N/A
Guinea,2005,autocracy,N/A
Guinea,2006,autocracy,N/A
Guinea,2007,autocracy,N/A
Guinea,2008,autocracy,N/A
Guinea,2009,autocracy,N/A
Guinea,2010,autocracy,N/A
Guinea,2011,autocracy,N/A
Guinea,2012,autocracy,N/A
Liberia,2000,autocracy,N/A
Liberia,2001,autocracy,N/A
Liberia,2002,autocracy,N/A
Liberia,2003,autocracy,N/A
Liberia,2004,autocracy,N/A
Liberia,2005,autocracy,N/A
Liberia,2006,democracy,republic
Liberia,2007,democracy,republic
Liberia,2008,democracy,republic
Liberia,2009,democracy,republic
Liberia,2010,democracy,republic
Liberia,2011,democracy,republic
Liberia,2012,democracy,republic
Ghana,2000,democracy,republic
Ghana,2001,democracy,republic
Ghana,2002,democracy,republic
Ghana,2003,democracy,republic
Ghana,2004,democracy,republic
Ghana,2005,democracy,republic
Ghana,2006,democracy,republic
Ghana,2007,democracy,republic
Ghana,2008,democracy,republic
Ghana,2009,democracy,republic
Ghana,2010,democracy,republic
Ghana,2011,democracy,republic
Ghana,2012,democracy,republic
Togo,2000,autocracy,N/A
Togo,2001,autocracy,N/A
Togo,2002,autocracy,N/A
Togo,2003,autocracy,N/A
Togo,2004,autocracy,N/A
Togo,2005,autocracy,N/A
Togo,2006,autocracy,N/A
Togo,2007,autocracy,N/A
Togo,2008,autocracy,N/A
Togo,2009,autocracy,N/A
Togo,2010,autocracy,N/A
Togo,2011,autocracy,N/A
Togo,2012,autocracy,N/A
Cameroon,2000,autocracy,N/A
Cameroon,2001,autocracy,N/A
Cameroon,2002,autocracy,N/A
Cameroon,2003,autocracy,N/A
Cameroon,2004,autocracy,N/A
Cameroon,2005,autocracy,N/A
Cameroon,2006,autocracy,N/A
Cameroon,2007,autocracy,N/A
Cameroon,2008,autocracy,N/A
Cameroon,2009,autocracy,N/A
Cameroon,2010,autocracy,N/A
Cameroon,2011,autocracy,N/A
Cameroon,2012,autocracy,N/A
Nigeria,2000,autocracy,N/A
Nigeria,2001,autocracy,N/A
Nigeria,2002,autocracy,N/A
Nigeria,2003,autocracy,N/A
Nigeria,2004,autocracy,N/A
Nigeria,2005,autocracy,N/A
Nigeria,2006,autocracy,N/A
Nigeria,2007,autocracy,N/A
Nigeria,2008,autocracy,N/A
Nigeria,2009,autocracy,N/A
Nigeria,2010,autocracy,N/A
Nigeria,2011,autocracy,N/A
Nigeria,2012,autocracy,N/A
Gabon,2000,autocracy,N/A
Gabon,2001,autocracy,N/A
Gabon,2002,autocracy,N/A
Gabon,2003,autocracy,N/A
Gabon,2004,autocracy,N/A
Gabon,2005,autocracy,N/A
Gabon,2006,autocracy,N/A
Gabon,2007,autocracy,N/A
Gabon,2008,autocracy,N/A
Gabon,2009,autocracy,N/A
Gabon,2010,autocracy,N/A
Gabon,2011,autocracy,N/A
Gabon,2012,autocracy,N/A
Chad,2000,autocracy,N/A
Chad,2001,autocracy,N/A
Chad,2002,autocracy,N/A
Chad,2003,autocracy,N/A
Chad,2004,autocracy,N/A
Chad,2005,autocracy,N/A
Chad,2006,autocracy,N/A
Chad,2007,autocracy,N/A
Chad,2008,autocracy,N/A
Chad,2009,autocracy,N/A
Chad,2010,autocracy,N/A
Chad,2011,autocracy,N/A
Chad,2012,autocracy,N/A
Uganda,2000,autocracy,N/A
Uganda,2001,autocracy,N/A
Uganda,2002,autocracy,N/A
Uganda,2003,autocracy,N/A
Uganda,2004,autocracy,N/A
Uganda,2005,autocracy,N/A
Uganda,2006,autocracy,N/A
Uganda,2007,autocracy,N/A
Uganda,2008,autocracy,N/A
Uganda,2009,autocracy,N/A
Uganda,2010,autocracy,N/A
Uganda,2011,autocracy,N/A
Uganda,2012,autocracy,N/A
Kenya,2000,autocracy,N/A
Kenya,2001,autocracy,N/A
Kenya,2002,democracy,republic
Kenya,2003,democracy,republic
Kenya,2004,democracy,republic
Kenya,2005,democracy,republic
Kenya,2006,democracy,republic
Kenya,2007,democracy,republic
Kenya,2008,democracy,republic
Kenya,2009,democracy,republic
Kenya,2010,democracy,republic
Kenya,2011,democracy,republic
Kenya,2012,democracy,republic
Burundi,2000,autocracy,N/A
Burundi,2001,autocracy,N/A
Burundi,2002,autocracy,N/A
Burundi,2003,autocracy,N/A
Burundi,2004,autocracy,N/A
Burundi,2005,democracy,republic
Burundi,2006,democracy,republic
Burundi,2007,democracy,republic
Burundi,2008,democracy,republic
Burundi,2009,democracy,republic
Burundi,2010,democracy,republic
Burundi,2011,democracy,republic
Burundi,2012,democracy,republic
Rwanda,2000,autocracy,N/A
Rwanda,2001,autocracy,N/A
Rwanda,2002,autocracy,N/A
Rwanda,2003,autocracy,N/A
Rwanda,2004,autocracy,N/A
Rwanda,2005,autocracy,N/A
Rwanda,2006,autocracy,N/A
Rwanda,2007,autocracy,N/A
Rwanda,2008,autocracy,N/A
Rwanda,2009,autocracy,N/A
Rwanda,2010,autocracy,N/A
Rwanda,2011,autocracy,N/A
Rwanda,2012,autocracy,N/A
Somalia,2000,autocracy,N/A
Somalia,2001,autocracy,N/A
Somalia,2002,autocracy,N/A
Somalia,2003,autocracy,N/A
Somalia,2004,autocracy,N/A
Somalia,2005,autocracy,N/A
Somalia,2006,autocracy,N/A
Somalia,2007,autocracy,N/A
Somalia,2008,autocracy,N/A
Somalia,2009,autocracy,N/A
Somalia,2010,autocracy,N/A
Somalia,2011,autocracy,N/A
Somalia,2012,autocracy,N/A
Djibouti,2000,autocracy,N/A
Djibouti,2001,autocracy,N/A
Djibouti,2002,autocracy,N/A
Djibouti,2003,autocracy,N/A
Djibouti,2004,autocracy,N/A
Djibouti,2005,autocracy,N/A
Djibouti,2006,autocracy,N/A
Djibouti,2007,autocracy,N/A
Djibouti,2008,autocracy,N/A
Djibouti,2009,autocracy,N/A
Djibouti,2010,autocracy,N/A
Djibouti,2011,autocracy,N/A
Djibouti,2012,autocracy,N/A
Ethiopia,2000,autocracy,N/A
Ethiopia,2001,autocracy,N/A
Ethiopia,2002,autocracy,N/A
Ethiopia,2003,autocracy,N/A
Ethiopia,2004,autocracy,N/A
Ethiopia,2005,autocracy,N/A
Ethiopia,2006,autocracy,N/A
Ethiopia,2007,autocracy,N/A
Ethiopia,2008,autocracy,N/A
Ethiopia,2009,autocracy,N/A
Ethiopia,2010,autocracy,N/A
Ethiopia,2011,autocracy,N/A
Ethiopia,2012,autocracy,N/A
Eritrea,2000,autocracy,N/A
Eritrea,2001,autocracy,N/A
Eritrea,2002,autocracy,N/A
Eritrea,2003,autocracy,N/A
Eritrea,2004,autocracy,N/A
Eritrea,2005,autocracy,N/A
Eritrea,2006,autocracy,N/A
Eritrea,2007,autocracy,N/A
Eritrea,2008,autocracy,N/A
Eritrea,2009,autocracy,N/A
Eritrea,2010,autocracy,N/A
Eritrea,2011,autocracy,N/A
Eritrea,2012,autocracy,N/A
Angola,2000,autocracy,N/A
Angola,2001,autocracy,N/A
Angola,2002,autocracy,N/A
Angola,2003,autocracy,N/A
Angola,2004,autocracy,N/A
Angola,2005,autocracy,N/A
Angola,2006,autocracy,N/A
Angola,2007,autocracy,N/A
Angola,2008,autocracy,N/A
Angola,2009,autocracy,N/A
Angola,2010,autocracy,N/A
Angola,2011,autocracy,N/A
Angola,2012,autocracy,N/A
Mozambique,2000,democracy,republic
Mozambique,2001,democracy,republic
Mozambique,2002,democracy,republic
Mozambique,2003,democracy,republic
Mozambique,2004,autocracy,N/A
Mozambique,2005,autocracy,N/A
Mozambique,2006,autocracy,N/A
Mozambique,2007,autocracy,N/A
Mozambique,2008,autocracy,N/A
Mozambique,2009,autocracy,N/A
Mozambique,2010,autocracy,N/A
Mozambique,2011,autocracy,N/A
Mozambique,2012,autocracy,N/A
Zambia,2000,autocracy,N/A
Zambia,2001,autocracy,N/A
Zambia,2002,autocracy,N/A
Zambia,2003,autocracy,N/A
Zambia,2004,autocracy,N/A
Zambia,2005,autocracy,N/A
Zambia,2006,autocracy,N/A
Zambia,2007,autocracy,N/A
Zambia,2008,democracy,republic
Zambia,2009,democracy,republic
Zambia,2010,democracy,republic
Zambia,2011,democracy,republic
Zambia,2012,democracy,republic
Zimbabwe,2000,autocracy,N/A
Zimbabwe,2001,autocracy,N/A
Zimbabwe,2002,autocracy,N/A
Zimbabwe,2003,autocracy,N/A
Zimbabwe,2004,autocracy,N/A
Zimbabwe,2005,autocracy,N/A
Zimbabwe,2006,autocracy,N/A
Zimbabwe,2007,autocracy,N/A
Zimbabwe,2008,autocracy,N/A
Zimbabwe,2009,autocracy,N/A
Zimbabwe,2010,autocracy,N/A
Zimbabwe,2011,autocracy,N/A
Zimbabwe,2012,autocracy,N/A
Malawi,2000,democracy,republic
Malawi,2001,democracy,republic
Malawi,2002,democracy,republic
Malawi,2003,democracy,republic
Malawi,2004,democracy,republic
Malawi,2005,democracy,republic
Malawi,2006,democracy,republic
Malawi,2007,democracy,republic
Malawi,2008,democracy,republic
Malawi,2009,democracy,republic
Malawi,2010,democracy,republic
Malawi,2011,democracy,republic
Malawi,2012,democracy,republic
Namibia,2000,autocracy,N/A
Namibia,2001,autocracy,N/A
Namibia,2002,autocracy,N/A
Namibia,2003,autocracy,N/A
Namibia,2004,autocracy,N/A
Namibia,2005,autocracy,N/A
Namibia,2006,autocracy,N/A
Namibia,2007,autocracy,N/A
Namibia,2008,autocracy,N/A
Namibia,2009,autocracy,N/A
Namibia,2010,autocracy,N/A
Namibia,2011,democracy,republic
Namibia,2012,democracy,republic
Lesotho,2000,autocracy,N/A
Lesotho,2001,autocracy,N/A
Lesotho,2002,democracy,monarchy
Lesotho,2003,democracy,monarchy
Lesotho,2004,democracy,monarchy
Lesotho,2005,democracy,monarchy
Lesotho,2006,democracy,monarchy
Lesotho,2007,democracy,monarchy
Lesotho,2008,democracy,monarchy
Lesotho,2009,democracy,monarchy
Lesotho,2010,democracy,monarchy
Lesotho,2011,democracy,monarchy
Lesotho,2012,democracy,monarchy
Botswana,2000,democracy,republic
Botswana,2001,democracy,republic
Botswana,2002,democracy,republic
Botswana,2003,democracy,republic
Botswana,2004,democracy,republic
Botswana,2005,democracy,republic
Botswana,2006,democracy,republic
Botswana,2007,democracy,republic
Botswana,2008,democracy,republic
Botswana,2009,democracy,republic
Botswana,2010,democracy,republic
Botswana,2011,democracy,republic
Botswana,2012,democracy,republic
Madagascar,2000,democracy,republic
Madagascar,2001,democracy,republic
Madagascar,2002,democracy,republic
Madagascar,2003,democracy,republic
Madagascar,2004,democracy,republic
Madagascar,2005,democracy,republic
Madagascar,2006,democracy,republic
Madagascar,2007,democracy,republic
Madagascar,2008,democracy,republic
Madagascar,2009,autocracy,N/A
Madagascar,2010,autocracy,N/A
Madagascar,2011,autocracy,N/A
Madagascar,2012,autocracy,N/A
Comoros,2000,autocracy,N/A
Comoros,2001,autocracy,N/A
Comoros,2002,autocracy,N/A
Comoros,2003,autocracy,N/A
Comoros,2004,autocracy,N/A
Comoros,2005,autocracy,N/A
Comoros,2006,democracy,republic
Comoros,2007,democracy,republic
Comoros,2008,democracy,republic
Comoros,2009,democracy,republic
Comoros,2010,democracy,republic
Comoros,2011,democracy,republic
Comoros,2012,democracy,republic
Mauritius,2000,democracy,republic
Mauritius,2001,democracy,republic
Mauritius,2002,democracy,republic
Mauritius,2003,democracy,republic
Mauritius,2004,democracy,republic
Mauritius,2005,democracy,republic
Mauritius,2006,democracy,republic
Mauritius,2007,democracy,republic
Mauritius,2008,democracy,republic
Mauritius,2009,democracy,republic
Mauritius,2010,democracy,republic
Mauritius,2011,democracy,republic
Mauritius,2012,democracy,republic
Seychelles,2000,autocracy,N/A
Seychelles,2001,autocracy,N/A
Seychelles,2002,autocracy,N/A
Seychelles,2003,autocracy,N/A
Seychelles,2004,autocracy,N/A
Seychelles,2005,autocracy,N/A
Seychelles,2006,autocracy,N/A
Seychelles,2007,autocracy,N/A
Seychelles,2008,autocracy,N/A
Seychelles,2009,autocracy,N/A
Seychelles,2010,autocracy,N/A
Seychelles,2011,autocracy,N/A
Seychelles,2012,autocracy,N/A
Morocco,2000,autocracy,N/A
Morocco,2001,autocracy,N/A
Morocco,2002,autocracy,N/A
Morocco,2003,autocracy,N/A
Morocco,2004,autocracy,N/A
Morocco,2005,autocracy,N/A
Morocco,2006,autocracy,N/A
Morocco,2007,autocracy,N/A
Morocco,2008,autocracy,N/A
Morocco,2009,autocracy,N/A
Morocco,2010,autocracy,N/A
Morocco,2011,autocracy,N/A
Morocco,2012,autocracy,N/A
Algeria,2000,autocracy,N/A
Algeria,2001,autocracy,N/A
Algeria,2002,autocracy,N/A
Algeria,2003,autocracy,N/A
Algeria,2004,autocracy,N/A
Algeria,2005,autocracy,N/A
Algeria,2006,autocracy,N/A
Algeria,2007,autocracy,N/A
Algeria,2008,autocracy,N/A
Algeria,2009,autocracy,N/A
Algeria,2010,autocracy,N/A
Algeria,2011,autocracy,N/A
Algeria,2012,autocracy,N/A
Tunisia,2000,autocracy,N/A
Tunisia,2001,autocracy,N/A
Tunisia,2002,autocracy,N/A
Tunisia,2003,autocracy,N/A
Tunisia,2004,autocracy,N/A
Tunisia,2005,autocracy,N/A
Tunisia,2006,autocracy,N/A
Tunisia,2007,autocracy,N/A
Tunisia,2008,autocracy,N/A
Tunisia,2009,autocracy,N/A
Tunisia,2010,autocracy,N/A
Tunisia,2011,autocracy,N/A
Tunisia,2012,autocracy,N/A
Libya,2000,autocracy,N/A
Libya,2001,autocracy,N/A
Libya,2002,autocracy,N/A
Libya,2003,autocracy,N/A
Libya,2004,autocracy,N/A
Libya,2005,autocracy,N/A
Libya,2006,autocracy,N/A
Libya,2007,autocracy,N/A
Libya,2008,autocracy,N/A
Libya,2009,autocracy,N/A
Libya,2010,autocracy,N/A
Libya,2011,autocracy,N/A
Libya,2012,autocracy,N/A
Sudan,2000,autocracy,N/A
Sudan,2001,autocracy,N/A
Sudan,2002,autocracy,N/A
Sudan,2003,autocracy,N/A
Sudan,2004,autocracy,N/A
Sudan,2005,autocracy,N/A
Sudan,2006,autocracy,N/A
Sudan,2007,autocracy,N/A
Sudan,2008,autocracy,N/A
Sudan,2009,autocracy,N/A
Sudan,2010,autocracy,N/A
Sudan,2011,autocracy,N/A
Sudan,2012,autocracy,N/A
Iraq,2000,autocracy,N/A
Iraq,2001,autocracy,N/A
Iraq,2002,autocracy,N/A
Iraq,2003,N/A,N/A
Iraq,2004,N/A,N/A
Iraq,2005,N/A,N/A
Iraq,2006,N/A,N/A
Iraq,2007,N/A,N/A
Iraq,2008,N/A,N/A
Iraq,2009,autocracy,N/A
Iraq,2010,autocracy,N/A
Iraq,2011,autocracy,N/A
Iraq,2012,autocracy,N/A
Egypt,2000,autocracy,N/A
Egypt,2001,autocracy,N/A
Egypt,2002,autocracy,N/A
Egypt,2003,autocracy,N/A
Egypt,2004,autocracy,N/A
Egypt,2005,autocracy,N/A
Egypt,2006,autocracy,N/A
Egypt,2007,autocracy,N/A
Egypt,2008,autocracy,N/A
Egypt,2009,autocracy,N/A
Egypt,2010,autocracy,N/A
Egypt,2011,autocracy,N/A
Egypt,2012,autocracy,N/A
Lebanon,2000,autocracy,N/A
Lebanon,2001,autocracy,N/A
Lebanon,2002,autocracy,N/A
Lebanon,2003,autocracy,N/A
Lebanon,2004,autocracy,N/A
Lebanon,2005,autocracy,N/A
Lebanon,2006,autocracy,N/A
Lebanon,2007,autocracy,N/A
Lebanon,2008,autocracy,N/A
Lebanon,2009,autocracy,N/A
Lebanon,2010,autocracy,N/A
Lebanon,2011,autocracy,N/A
Lebanon,2012,autocracy,N/A
Jordan,2000,autocracy,N/A
Jordan,2001,autocracy,N/A
Jordan,2002,autocracy,N/A
Jordan,2003,autocracy,N/A
Jordan,2004,autocracy,N/A
Jordan,2005,autocracy,N/A
Jordan,2006,autocracy,N/A
Jordan,2007,autocracy,N/A
Jordan,2008,autocracy,N/A
Jordan,2009,autocracy,N/A
Jordan,2010,autocracy,N/A
Jordan,2011,autocracy,N/A
Jordan,2012,autocracy,N/A
Israel,2000,democracy,republic
Israel,2001,democracy,republic
Israel,2002,democracy,republic
Israel,2003,democracy,republic
Israel,2004,democracy,republic
Israel,2005,democracy,republic
Israel,2006,democracy,republic
Israel,2007,democracy,republic
Israel,2008,democracy,republic
Israel,2009,democracy,republic
Israel,2010,democracy,republic
Israel,2011,democracy,republic
Israel,2012,democracy,republic
Yemen,2000,autocracy,N/A
Yemen,2001,autocracy,N/A
Yemen,2002,autocracy,N/A
Yemen,2003,autocracy,N/A
Yemen,2004,autocracy,N/A
Yemen,2005,autocracy,N/A
Yemen,2006,autocracy,N/A
Yemen,2007,autocracy,N/A
Yemen,2008,autocracy,N/A
Yemen,2009,autocracy,N/A
Yemen,2010,autocracy,N/A
Yemen,2011,autocracy,N/A
Yemen,2012,autocracy,N/A
Kuwait,2000,autocracy,N/A
Kuwait,2001,autocracy,N/A
Kuwait,2002,autocracy,N/A
Kuwait,2003,autocracy,N/A
Kuwait,2004,autocracy,N/A
Kuwait,2005,autocracy,N/A
Kuwait,2006,autocracy,N/A
Kuwait,2007,autocracy,N/A
Kuwait,2008,autocracy,N/A
Kuwait,2009,autocracy,N/A
Kuwait,2010,autocracy,N/A
Kuwait,2011,autocracy,N/A
Kuwait,2012,autocracy,N/A
Bahrain,2000,autocracy,N/A
Bahrain,2001,autocracy,N/A
Bahrain,2002,autocracy,N/A
Bahrain,2003,autocracy,N/A
Bahrain,2004,autocracy,N/A
Bahrain,2005,autocracy,N/A
Bahrain,2006,autocracy,N/A
Bahrain,2007,autocracy,N/A
Bahrain,2008,autocracy,N/A
Bahrain,2009,autocracy,N/A
Bahrain,2010,autocracy,N/A
Bahrain,2011,autocracy,N/A
Bahrain,2012,autocracy,N/A
Qatar,2000,autocracy,N/A
Qatar,2001,autocracy,N/A
Qatar,2002,autocracy,N/A
Qatar,2003,autocracy,N/A
Qatar,2004,autocracy,N/A
Qatar,2005,autocracy,N/A
Qatar,2006,autocracy,N/A
Qatar,2007,autocracy,N/A
Qatar,2008,autocracy,N/A
Qatar,2009,autocracy,N/A
Qatar,2010,autocracy,N/A
Qatar,2011,autocracy,N/A
Qatar,2012,autocracy,N/A
Oman,2000,autocracy,N/A
Oman,2001,autocracy,N/A
Oman,2002,autocracy,N/A
Oman,2003,autocracy,N/A
Oman,2004,autocracy,N/A
Oman,2005,autocracy,N/A
Oman,2006,autocracy,N/A
Oman,2007,autocracy,N/A
Oman,2008,autocracy,N/A
Oman,2009,autocracy,N/A
Oman,2010,autocracy,N/A
Oman,2011,autocracy,N/A
Oman,2012,autocracy,N/A
Afghanistan,2000,autocracy,N/A
Afghanistan,2001,N/A,N/A
Afghanistan,2002,N/A,N/A
Afghanistan,2003,N/A,N/A
Afghanistan,2004,autocracy,N/A
Afghanistan,2005,autocracy,N/A
Afghanistan,2006,autocracy,N/A
Afghanistan,2007,autocracy,N/A
Afghanistan,2008,autocracy,N/A
Afghanistan,2009,autocracy,N/A
Afghanistan,2010,autocracy,N/A
Afghanistan,2011,autocracy,N/A
Afghanistan,2012,autocracy,N/A
Turkmenistan,2000,autocracy,N/A
Turkmenistan,2001,autocracy,N/A
Turkmenistan,2002,autocracy,N/A
Turkmenistan,2003,autocracy,N/A
Turkmenistan,2004,autocracy,N/A
Turkmenistan,2005,autocracy,N/A
Turkmenistan,2006,autocracy,N/A
Turkmenistan,2007,autocracy,N/A
Turkmenistan,2008,autocracy,N/A
Turkmenistan,2009,autocracy,N/A
Turkmenistan,2010,autocracy,N/A
Turkmenistan,2011,autocracy,N/A
Turkmenistan,2012,autocracy,N/A
Tajikistan,2000,autocracy,N/A
Tajikistan,2001,autocracy,N/A
Tajikistan,2002,autocracy,N/A
Tajikistan,2003,autocracy,N/A
Tajikistan,2004,autocracy,N/A
Tajikistan,2005,autocracy,N/A
Tajikistan,2006,autocracy,N/A
Tajikistan,2007,autocracy,N/A
Tajikistan,2008,autocracy,N/A
Tajikistan,2009,autocracy,N/A
Tajikistan,2010,autocracy,N/A
Tajikistan,2011,autocracy,N/A
Tajikistan,2012,autocracy,N/A
Uzbekistan,2000,autocracy,N/A
Uzbekistan,2001,autocracy,N/A
Uzbekistan,2002,autocracy,N/A
Uzbekistan,2003,autocracy,N/A
Uzbekistan,2004,autocracy,N/A
Uzbekistan,2005,autocracy,N/A
Uzbekistan,2006,autocracy,N/A
Uzbekistan,2007,autocracy,N/A
Uzbekistan,2008,autocracy,N/A
Uzbekistan,2009,autocracy,N/A
Uzbekistan,2010,autocracy,N/A
Uzbekistan,2011,autocracy,N/A
Uzbekistan,2012,autocracy,N/A
Kazakhstan,2000,autocracy,N/A
Kazakhstan,2001,autocracy,N/A
Kazakhstan,2002,autocracy,N/A
Kazakhstan,2003,autocracy,N/A
Kazakhstan,2004,autocracy,N/A
Kazakhstan,2005,autocracy,N/A
Kazakhstan,2006,autocracy,N/A
Kazakhstan,2007,autocracy,N/A
Kazakhstan,2008,autocracy,N/A
Kazakhstan,2009,autocracy,N/A
Kazakhstan,2010,autocracy,N/A
Kazakhstan,2011,autocracy,N/A
Kazakhstan,2012,autocracy,N/A
China,2000,autocracy,N/A
China,2001,autocracy,N/A
China,2002,autocracy,N/A
China,2003,autocracy,N/A
China,2004,autocracy,N/A
China,2005,autocracy,N/A
China,2006,autocracy,N/A
China,2007,autocracy,N/A
China,2008,autocracy,N/A
China,2009,autocracy,N/A
China,2010,autocracy,N/A
China,2011,autocracy,N/A
China,2012,autocracy,N/A
Mongolia,2000,democracy,republic
Mongolia,2001,democracy,republic
Mongolia,2002,democracy,republic
Mongolia,2003,democracy,republic
Mongolia,2004,democracy,republic
Mongolia,2005,democracy,republic
Mongolia,2006,democracy,republic
Mongolia,2007,democracy,republic
Mongolia,2008,democracy,republic
Mongolia,2009,democracy,republic
Mongolia,2010,democracy,republic
Mongolia,2011,democracy,republic
Mongolia,2012,democracy,republic
Japan,2000,democracy,monarchy
Japan,2001,democracy,monarchy
Japan,2002,democracy,monarchy
Japan,2003,democracy,monarchy
Japan,2004,democracy,monarchy
Japan,2005,democracy,monarchy
Japan,2006,democracy,monarchy
Japan,2007,democracy,monarchy
Japan,2008,democracy,monarchy
Japan,2009,democracy,monarchy
Japan,2010,democracy,monarchy
Japan,2011,democracy,monarchy
Japan,2012,democracy,monarchy
India,2000,democracy,republic
India,2001,democracy,republic
India,2002,democracy,republic
India,2003,democracy,republic
India,2004,democracy,republic
India,2005,democracy,republic
India,2006,democracy,republic
India,2007,democracy,republic
India,2008,democracy,republic
India,2009,democracy,republic
India,2010,democracy,republic
India,2011,democracy,republic
India,2012,democracy,republic
Bhutan,2000,autocracy,N/A
Bhutan,2001,autocracy,N/A
Bhutan,2002,autocracy,N/A
Bhutan,2003,autocracy,N/A
Bhutan,2004,autocracy,N/A
Bhutan,2005,autocracy,N/A
Bhutan,2006,autocracy,N/A
Bhutan,2007,autocracy,N/A
Bhutan,2008,autocracy,N/A
Bhutan,2009,autocracy,N/A
Bhutan,2010,autocracy,N/A
Bhutan,2011,autocracy,N/A
Bhutan,2012,autocracy,N/A
Pakistan,2000,autocracy,N/A
Pakistan,2001,autocracy,N/A
Pakistan,2002,autocracy,N/A
Pakistan,2003,autocracy,N/A
Pakistan,2004,autocracy,N/A
Pakistan,2005,autocracy,N/A
Pakistan,2006,autocracy,N/A
Pakistan,2007,autocracy,N/A
Pakistan,2008,democracy,republic
Pakistan,2009,democracy,republic
Pakistan,2010,democracy,republic
Pakistan,2011,democracy,republic
Pakistan,2012,democracy,republic
Bangladesh,2000,democracy,republic
Bangladesh,2001,democracy,republic
Bangladesh,2002,democracy,republic
Bangladesh,2003,democracy,republic
Bangladesh,2004,democracy,republic
Bangladesh,2005,democracy,republic
Bangladesh,2006,democracy,republic
Bangladesh,2007,autocracy,N/A
Bangladesh,2008,autocracy,N/A
Bangladesh,2009,democracy,republic
Bangladesh,2010,democracy,republic
Bangladesh,2011,democracy,republic
Bangladesh,2012,democracy,republic
Myanmar,2000,autocracy,N/A
Myanmar,2001,autocracy,N/A
Myanmar,2002,autocracy,N/A
Myanmar,2003,autocracy,N/A
Myanmar,2004,autocracy,N/A
Myanmar,2005,autocracy,N/A
Myanmar,2006,autocracy,N/A
Myanmar,2007,autocracy,N/A
Myanmar,2008,autocracy,N/A
Myanmar,2009,autocracy,N/A
Myanmar,2010,autocracy,N/A
Myanmar,2011,autocracy,N/A
Myanmar,2012,autocracy,N/A
Maldives,2000,autocracy,N/A
Maldives,2001,autocracy,N/A
Maldives,2002,autocracy,N/A
Maldives,2003,autocracy,N/A
Maldives,2004,autocracy,N/A
Maldives,2005,autocracy,N/A
Maldives,2006,autocracy,N/A
Maldives,2007,autocracy,N/A
Maldives,2008,autocracy,N/A
Maldives,2009,democracy,republic
Maldives,2010,democracy,republic
Maldives,2011,democracy,republic
Maldives,2012,democracy,republic
Nepal,2000,democracy,monarchy
Nepal,2001,democracy,monarchy
Nepal,2002,autocracy,N/A
Nepal,2003,autocracy,N/A
Nepal,2004,autocracy,N/A
Nepal,2005,autocracy,N/A
Nepal,2006,autocracy,N/A
Nepal,2007,autocracy,N/A
Nepal,2008,democracy,republic
Nepal,2009,democracy,republic
Nepal,2010,democracy,republic
Nepal,2011,democracy,republic
Nepal,2012,democracy,republic
Thailand,2000,democracy,monarchy
Thailand,2001,democracy,monarchy
Thailand,2002,democracy,monarchy
Thailand,2003,democracy,monarchy
Thailand,2004,democracy,monarchy
Thailand,2005,democracy,monarchy
Thailand,2006,autocracy,N/A
Thailand,2007,autocracy,N/A
Thailand,2008,autocracy,N/A
Thailand,2009,autocracy,N/A
Thailand,2010,autocracy,N/A
Thailand,2011,democracy,monarchy
Thailand,2012,democracy,monarchy
Cambodia,2000,autocracy,N/A
Cambodia,2001,autocracy,N/A
Cambodia,2002,autocracy,N/A
Cambodia,2003,autocracy,N/A
Cambodia,2004,autocracy,N/A
Cambodia,2005,autocracy,N/A
Cambodia,2006,autocracy,N/A
Cambodia,2007,autocracy,N/A
Cambodia,2008,autocracy,N/A
Cambodia,2009,autocracy,N/A
Cambodia,2010,autocracy,N/A
Cambodia,2011,autocracy,N/A
Cambodia,2012,autocracy,N/A
Malaysia,2000,autocracy,N/A
Malaysia,2001,autocracy,N/A
Malaysia,2002,autocracy,N/A
Malaysia,2003,autocracy,N/A
Malaysia,2004,autocracy,N/A
Malaysia,2005,autocracy,N/A
Malaysia,2006,autocracy,N/A
Malaysia,2007,autocracy,N/A
Malaysia,2008,autocracy,N/A
Malaysia,2009,autocracy,N/A
Malaysia,2010,autocracy,N/A
Malaysia,2011,autocracy,N/A
Malaysia,2012,autocracy,N/A
Singapore,2000,autocracy,N/A
Singapore,2001,autocracy,N/A
Singapore,2002,autocracy,N/A
Singapore,2003,autocracy,N/A
Singapore,2004,autocracy,N/A
Singapore,2005,autocracy,N/A
Singapore,2006,autocracy,N/A
Singapore,2007,autocracy,N/A
Singapore,2008,autocracy,N/A
Singapore,2009,autocracy,N/A
Singapore,2010,autocracy,N/A
Singapore,2011,autocracy,N/A
Singapore,2012,autocracy,N/A
Philippines,2000,democracy,republic
Philippines,2001,democracy,republic
Philippines,2002,democracy,republic
Philippines,2003,democracy,republic
Philippines,2004,democracy,republic
Philippines,2005,democracy,republic
Philippines,2006,democracy,republic
Philippines,2007,democracy,republic
Philippines,2008,democracy,republic
Philippines,2009,democracy,republic
Philippines,2010,democracy,republic
Philippines,2011,democracy,republic
Philippines,2012,democracy,republic
Indonesia,2000,democracy,republic
Indonesia,2001,democracy,republic
Indonesia,2002,democracy,republic
Indonesia,2003,democracy,republic
Indonesia,2004,democracy,republic
Indonesia,2005,democracy,republic
Indonesia,2006,democracy,republic
Indonesia,2007,democracy,republic
Indonesia,2008,democracy,republic
Indonesia,2009,democracy,republic
Indonesia,2010,democracy,republic
Indonesia,2011,democracy,republic
Indonesia,2012,democracy,republic
Australia,2000,democracy,monarchy
Australia,2001,democracy,monarchy
Australia,2002,democracy,monarchy
Australia,2003,democracy,monarchy
Australia,2004,democracy,monarchy
Australia,2005,democracy,monarchy
Australia,2006,democracy,monarchy
Australia,2007,democracy,monarchy
Australia,2008,democracy,monarchy
Australia,2009,democracy,monarchy
Australia,2010,democracy,monarchy
Australia,2011,democracy,monarchy
Australia,2012,democracy,monarchy
Vanuatu,2000,democracy,republic
Vanuatu,2001,democracy,republic
Vanuatu,2002,democracy,republic
Vanuatu,2003,democracy,republic
Vanuatu,2004,democracy,republic
Vanuatu,2005,democracy,republic
Vanuatu,2006,democracy,republic
Vanuatu,2007,democracy,republic
Vanuatu,2008,democracy,republic
Vanuatu,2009,democracy,republic
Vanuatu,2010,democracy,republic
Vanuatu,2011,democracy,republic
Vanuatu,2012,democracy,republic
Kiribati,2000,democracy,republic
Kiribati,2001,democracy,republic
Kiribati,2002,democracy,republic
Kiribati,2003,democracy,republic
Kiribati,2004,democracy,republic
Kiribati,2005,democracy,republic
Kiribati,2006,democracy,republic
Kiribati,2007,democracy,republic
Kiribati,2008,democracy,republic
Kiribati,2009,democracy,republic
Kiribati,2010,democracy,republic
Kiribati,2011,democracy,republic
Kiribati,2012,democracy,republic
Fiji,2000,autocracy,N/A
Fiji,2001,autocracy,N/A
Fiji,2002,autocracy,N/A
Fiji,2003,autocracy,N/A
Fiji,2004,autocracy,N/A
Fiji,2005,autocracy,N/A
Fiji,2006,autocracy,N/A
Fiji,2007,autocracy,N/A
Fiji,2008,autocracy,N/A
Fiji,2009,autocracy,N/A
Fiji,2010,autocracy,N/A
Fiji,2011,autocracy,N/A
Fiji,2012,autocracy,N/A
Tonga,2000,autocracy,N/A
Tonga,2001,autocracy,N/A
Tonga,2002,autocracy,N/A
Tonga,2003,autocracy,N/A
Tonga,2004,autocracy,N/A
Tonga,2005,autocracy,N/A
Tonga,2006,autocracy,N/A
Tonga,2007,autocracy,N/A
Tonga,2008,autocracy,N/A
Tonga,2009,autocracy,N/A
Tonga,2010,autocracy,N/A
Tonga,2011,autocracy,N/A
Tonga,2012,democracy,monarchy
Samoa,2000,autocracy,N/A
Samoa,2001,autocracy,N/A
Samoa,2002,autocracy,N/A
Samoa,2003,autocracy,N/A
Samoa,2004,autocracy,N/A
Samoa,2005,autocracy,N/A
Samoa,2006,autocracy,N/A
Samoa,2007,autocracy,N/A
Samoa,2008,autocracy,N/A
Samoa,2009,autocracy,N/A
Samoa,2010,autocracy,N/A
Samoa,2011,autocracy,N/A
Samoa,2012,autocracy,N/A
